{"name":"d78b8b31-d1d0-4db3-afdc-c16e9e982ccc","id":"/providers/Microsoft.Flow/flows/d78b8b31-d1d0-4db3-afdc-c16e9e982ccc","type":"Microsoft.Flow/flows","properties":{"apiId":"/providers/Microsoft.PowerApps/apis/shared_logicflows","displayName":"Wetter Demo","definition":{"metadata":{"workflowEntityId":null,"processAdvisorMetadata":null,"flowChargedByPaygo":null,"flowclientsuspensionreason":"None","flowclientsuspensiontime":null,"flowclientsuspensionreasondetails":null,"creator":{"id":"3662a72d-39dd-4a15-9e39-ed1a9501539b","type":"User","tenantId":"09914c63-11ee-4708-b876-71b14e17b14d"},"provisioningMethod":"FromDefinition","failureAlertSubscription":true,"clientLastModifiedTime":"2024-06-05T09:05:40.8551692Z","connectionKeySavedTimeKey":"2024-06-05T09:05:40.8551692Z"},"$schema":"https://schema.management.azure.com/providers/Microsoft.Logic/schemas/2016-06-01/workflowdefinition.json#","contentVersion":"undefined","parameters":{"$authentication":{"defaultValue":{},"type":"SecureObject"},"$connections":{"defaultValue":{},"type":"Object"}},"triggers":{"manual":{"metadata":{"operationMetadataId":"668ba650-d196-40c4-8b08-8aa490073f27"},"type":"Request","kind":"Button","inputs":{"schema":{"type":"object","properties":{},"required":[]}}}},"actions":{"HTTP":{"runAfter":{},"metadata":{"operationMetadataId":"10790e96-2799-49f7-887f-7cc78111f51a"},"type":"Http","inputs":{"uri":"https://api.openweathermap.org/data/2.5/weather","method":"GET","queries":{"appid":"YOUR APP ID","lat":"51.881111","lon":"10.562222","units":"metric"}},"runtimeConfiguration":{"contentTransfer":{"transferMode":"Chunked"}}},"Datei_erstellen":{"runAfter":{"HTTP":["Succeeded"]},"metadata":{"operationMetadataId":"dcafdc5f-9c7d-4fe9-813d-e0e366615712"},"type":"OpenApiConnection","inputs":{"parameters":{"dataset":"https://inopiae.sharepoint.com/sites/PowerBISpielplatz","folderPath":"/Shared Documents/Austausch Laptops/powerbi/wetter/daten","name":"wetter.json","body":"@body('HTTP')"},"host":{"apiId":"/providers/Microsoft.PowerApps/apis/shared_sharepointonline","connectionName":"shared_sharepointonline","operationId":"CreateFile"},"authentication":{"value":"@json(decodeBase64(triggerOutputs().headers['X-MS-APIM-Tokens']))['$ConnectionKey']","type":"Raw"}}}}},"connectionReferences":{"shared_sharepointonline":{"connectionName":"3f004e795de44a968b5ceecfba603257","source":"Invoker","id":"/providers/Microsoft.PowerApps/apis/shared_sharepointonline","tier":"NotSpecified"}},"flowFailureAlertSubscribed":false,"isManaged":false}}